{
   "lambdatest_auth": {
      "username": "enrique.decoss@gmail.com",
      "access_key": "rJdr2OmT4MRQl6Gxx3G8fuhtQljuLx11NheW2WSwCWdfpSTiuX"
   },
   "browsers": [
      {
         "browser": "Chrome",
         "platform": "Windows 10",
         "versions": [
            "latest-1"
         ]
      },
      {
         "browser": "MicrosoftEdge",
         "platform": "Windows 10",
         "versions": [
            "latest"
         ]
      },
      {
         "browser": "Firefox",
         "platform": "macOS Big Sur",
         "versions": [
            "latest"
         ]
      },
      {
         "browser": "Firefox",
         "platform": "Windows 10",
         "versions": [
            "latest-1"
         ]
      }
   ],
   "run_settings": {
      "cypress_config_file": "cypress.json",
      "build_name": "build-Cypress-Testing",
      "parallels": 4,
      "specs": "./cypress/integration/e2e-tests/*.spec.js",
      "pluginsFile": false,
      "ignore_files": "",
      "feature_file_suppport": false,
      "network": false,
      "headless": false,
      "reporter_config_file": "",
      "npm_dependencies": {
         "cypress": "9.0.0"
      }
   },
   "tunnel_settings": {
      "tunnel": false,
      "tunnel_name": null
   }
}